0,8,396,28,500,52,32,16,36,804,20,28,68,16,396,20,20,652,48,608
8,0,12,12,44,8,12,416,12,12,424,28,32,1060,12,16,12,8,20,4
396,12,0,28,1016,16,48,644,36,128,620,48,40,12,28,24,32,8,16,8
28,12,28,0,28,640,1024,16,1068,12,12,900,744,24,12,1032,152,16,388,16
500,44,1016,28,0,24,52,540,52,208,524,20,36,52,16,24,36,64,8,12
52,8,16,640,24,0,720,16,668,28,12,460,272,20,28,552,672,16,20,20
32,12,48,1024,52,720,0,8,1044,12,12,820,656,24,24,944,232,12,316,4
16,416,644,16,540,16,8,0,8,24,1072,12,4,452,12,12,12,36,8,16
36,12,36,1068,52,668,1044,8,0,12,4,856,692,24,20,988,196,8,368,12
804,12,128,12,208,28,12,24,12,0,32,4,16,16,640,8,24,904,184,868
20,424,620,12,524,12,12,1072,4,32,0,24,28,492,12,20,20,20,20,12
28,28,48,900,20,460,820,12,856,4,24,0,860,24,80,996,20,16,520,4
68,32,40,744,36,272,656,4,692,16,28,860,0,36,260,848,32,24,732,64
16,1060,12,24,52,20,24,452,24,16,492,24,36,0,28,20,28,16,16,16
396,12,28,12,16,28,24,12,20,640,12,80,260,28,0,28,20,808,632,908
20,16,24,1032,24,552,944,12,988,8,20,996,848,20,28,0,80,12,492,8
20,12,32,152,36,672,232,12,196,24,20,20,32,28,20,80,0,16,20,20
652,8,8,16,64,16,12,36,8,904,20,16,24,16,808,12,16,0,368,1004
48,20,16,388,8,20,316,8,368,184,20,520,732,16,632,492,20,368,0,428
608,4,8,16,12,20,4,16,12,868,12,4,64,16,908,8,20,1004,428,0
